<?xml version="1.0" encoding="UTF-8"?>
<manifest identifier="BSP-CORPORATE-SCORM2004" version="1.0"
  xmlns="http://www.imsglobal.org/xsd/imscp_v1p1"
  xmlns:adlcp="http://www.adlnet.org/xsd/adlcp_v1p3"
  xmlns:imsss="http://www.imsglobal.org/xsd/imsss"
  xmlns:xsi="http://www.w3.org/2001/XMLSchema-instance"
  xsi:schemaLocation="
    http://www.imsglobal.org/xsd/imscp_v1p1 imscp_v1p1.xsd
    http://www.adlnet.org/xsd/adlcp_v1p3 adlcp_v1p3.xsd
    http://www.imsglobal.org/xsd/imsss imsss_v1p0.xsd">

  <metadata>
    <schema>ADL SCORM</schema>
    <schemaversion>2004 4th Edition</schemaversion>
  </metadata>

  <organizations default="ORG-1">
    <organization identifier="ORG-1" structure="hierarchical">
      <title>BSP Corporate Training</title>
      <item identifier="ITEM-1" identifierref="RES-INDEX">
        <title>Course</title>
        <imsss:sequencing>
          <imsss:completionThreshold completedByMeasure="false" minProgressMeasure="1.0"/>
        </imsss:sequencing>
      </item>
    </organization>
  </organizations>

  <resources>
    <resource identifier="RES-INDEX" type="webcontent" adlcp:scormType="sco" href="index.html">
      <file href="index.html"/>
      <file href="style.css"/>
      <file href="scorm2004.js"/>
      <file href="logo-placeholder.png"/>
      <file href="video.mp4"/>
    </resource>
  </resources>
</manifest>
