<?xml version="1.0" encoding="UTF-8"?>
<manifest identifier="KB4-SCORM-2004"
          version="1.0"
          xmlns="http://www.imsglobal.org/xsd/imscp_v1p1"
          xmlns:adlcp="http://www.adlnet.org/xsd/adlcp_v1p3"
          xmlns:adlseq="http://www.adlnet.org/xsd/adlseq_v1p3"
          xmlns:adlnav="http://www.adlnet.org/xsd/adlnav_v1p3"
          xmlns:imsss="http://www.imsglobal.org/xsd/imsss"
          xmlns:xsi="http://www.w3.org/2001/XMLSchema-instance"
          xsi:schemaLocation="
            http://www.imsglobal.org/xsd/imscp_v1p1 imscp_v1p1.xsd
            http://www.adlnet.org/xsd/adlcp_v1p3 adlcp_v1p3.xsd
            http://www.adlnet.org/xsd/adlseq_v1p3 adlseq_v1p3.xsd
            http://www.adlnet.org/xsd/adlnav_v1p3 adlnav_v1p3.xsd
            http://www.imsglobal.org/xsd/imsss imsss_v1p0.xsd">

  <!-- Metadata -->
  <metadata>
    <schema>ADL SCORM</schema>
    <schemaversion>2004 4th Edition</schemaversion>
  </metadata>

  <!-- Organization -->
  <organizations default="ORG-1">
    <organization identifier="ORG-1">
      <title>Video + Quiz Training</title>
      <item identifier="ITEM-1" identifierref="RES-1" isvisible="true">
        <title>Training Module</title>
        <imsss:sequencing>
          <imsss:controlMode flow="true" choice="false"/>
          <imsss:rollupRules rollupObjectiveSatisfied="true"/>
        </imsss:sequencing>
      </item>
    </organization>
  </organizations>

  <!-- Resources -->
  <resources>
    <resource identifier="RES-1"
              type="webcontent"
              adlcp:scormType="sco"
              href="index.html">

      <file href="index.html"/>
      <file href="quiz.html"/>
      <file href="scorm2004.js"/>
      <file href="css/style.css"/>
      <file href="video/video.mp4"/>
    </resource>
  </resources>
</manifest>
